Word,Frequency
地中,625
もっぱら,605
地中海,582
鯉,578
継承,557
直立,541
目下,502
現世,455
女官,450
議長,442
垢,442
航行,439
推定,419
儀礼,413
思案,408
経文,399
発育,397
清算,395
頼朝,389
ぼろ,388
名残,387
農村,381
教養,378
催し,378
音階,377
まばら,370
馬車,363
矛,359
解体,350
じみ,342
摂取,340
叙事詩,330
ツツジ,321
あらわ,319
長寿,319
袂,317
免除,317
欠乏,312
臭気,311
精霊,311
独裁,310
つまみ,303
出場,301
構築,301
平常,298
縮小,290
しなやか,285
筏,284
寝床,281
侵略,269
良心,269
先行,265
密着,264
台詞,262
法典,262
小川,261
侵害,258
成り行き,257
浸透,255
埋葬,254
奥義,249
採集,249
麻布,248
部位,247
優美,246
鋲,245
請う,245
安らか,243
光明,243
徐々に,243
道筋,240
店頭,240
目盛り,238
陣営,237
探査,236
部族,234
手入れ,233
昨夜,233
正方形,232
皮革,232
指摘,231
主導,230
寒冷,225
不在,225
外郭,224
華族,221
布教,219
寄進,217
鏃,216
白紙,215
木戸,213
自覚,212
欲求,212
面影,209
土蔵,209
正午,209
炭鉱,208
気風,207
五行,207
精通,207
論議,206
渓谷,204
綿布,202
たすき,201
浮い,200
講師,200
助力,200
仕打ち,199
均一,199
文壇,198
酒屋,198
花形,197
輪廻,197
こらす,196
村落,196
交尾,196
親密,195
伝道,194
紀元前,194
国旗,193
流布,193
碇,193
残存,193
長老,192
度胸,192
首尾,191
朽ち,191
総体,189
ゆすり,188
ぶつかる,188
出費,188
結節,188
愚痴,187
幾重にも,187
異端,187
風潮,187
漁師,185
子守,185
患部,185
動向,184
納付,184
見地,184
遺物,184
練る,183
威光,183
急行,182
急所,182
早朝,182
淡い,182
中東,182
もどき,181
音程,180
参拝,178
無地,177
玄米,177
選抜,177
城壁,177
一行,175
習性,175
被る,175
めかし,175
明け方,174
情愛,174
ショウガ,174
放浪,173
とりわけ,172
司祭,172
一括,172
青磁,171
嗅覚,170
骨盤,170
付随,170
養生,169
代償,169
賃貸,169
帆船,169
参画,169
樫,169
乱雑,168
改訂,168
そびえる,167
放火,167
源泉,167
性交,167
痛める,166
昇降,166
小言,166
こなす,166
寛大,165
丸め,165
じかに,165
野心,164
共存,164
当面,164
縁談,163
本堂,163
困窮,163
籤,162
習字,162
精巧,162
蝙蝠,161
立案,161
弊害,161
列挙,161
出荷,161
わだかまり,161
代価,160
伏す,160
草地,160
大幅,159
夢想,159
近郊,159
部署,159
材質,158
処する,158
盛大,158
上空,158
風采,158
装身具,158
生後,158
行儀,157
発散,157
いっそ,157
遷移,157
繁華,157
屈曲,157
とりこ,157
投与,156
身上,156
一角,156
山羊,156
墳墓,155
実情,154
行き来,154
提携,153
色気,153
裁量,153
馳せ,153
給仕,153
暴行,153
赤子,153
自治体,153
危害,152
近隣,152
式典,152
中絶,152
弁解,151
局部,151
絶え間,151
戸外,150
肋,150
転倒,150
上場,150
受難,150
不和,150
穂先,150
荒廃,149
嵩,149
砦,149
ダニ,149
質素,148
護身,148
膣,148
成員,148
金平,148
若手,147
支障,147
島々,146
弱る,145
二股,145
発症,144
目当て,144
かしげ,144
優遇,143
大目,143
定時,143
震度,142
海原,142
呪術,142
安価,142
会得,142
研ぎ,141
法事,141
乗用車,140
見舞,140
祖国,140
根底,140
軽減,139
羽目,139
冷淡,139
俸給,139
合致,139
新芽,139
機雷,138
照合,137
饗宴,137
利い,136
富裕,136
宿命,136
現役,135
答案,135
付与,135
戸棚,135
復元,134
振幅,134
葛藤,133
寝台,133
湖面,133
慣例,133
起因,133
密閉,131
出立,131
常軌,131
大麻,130
液晶,130
暴露,130
四角い,130
横目,130
空虚,130
教材,129
運勢,129
際限,129
床板,129
士気,129
寓話,129
繁茂,129
内情,128
家主,128
啓示,128
忍耐,128
翡翠,128
及第,128
埋もれ,128
担任,128
図柄,128
峡谷,128
探究,128
鎮める,127
聴取,127
あくる,127
虚空,127
一節,127
雷鳴,127
木陰,127
同居,126
脱する,126
寄託,126
雄弁,126
漁網,126
対岸,126
冠する,125
立ち寄る,125
横領,125
装着,125
うっとり,125
景品,125
簡素,125
過激,124
上段,124
横柄,124
慣行,124
祝宴,124
不詳,124
類する,124
白身,124
順応,124
応急,123
未練,123
糧,123
不覚,123
屈服,123
懐疑,123
対価,123
沸かす,123
探求,123
敏感,122
体調,122
盲目,122
堪能,122
成否,122
配線,122
転覆,122
減退,121
機動,121
信奉,121
硬貨,121
召す,121
懸念,121
配布,121
疎遠,121
後見人,121
渚,121
台頭,121
始動,120
経理,120
ひときわ,120
資質,120
色情,120
受胎,120
鱒,119
段落,119
ねた,118
下旬,118
律儀,118
郵政,118
荒野,117
携行,117
重心,116
なだらか,116
風呂敷,116
抜粋,116
余興,116
類推,115
嗜好,115
愛嬌,115
観衆,115
落胆,114
侵攻,114
理髪,114
滋養,114
準拠,114
四方八方,114
留保,114
流刑,114
核心,113
定価,113
重荷,113
ヒョウ,113
日照り,113
流浪,113
修復,112
上回る,112
災厄,112
旧友,112
破綻,112
まなざし,112
なじる,112
偶数,112
栗色,112
塗装,112
一風,112
的確,112
広報,112
水槽,112
耳目,112
生来,112
与党,111
下段,111
罰金,111
欠如,111
旧来,111
人倫,111
素性,111
一環,111
終点,110
建材,110
善良,110
傀儡,110
国歌,110
家長,110
クラゲ,110
漁村,110
欠員,109
ひとすじ,109
荒らす,109
引き換え,109
当該,109
農夫,109
市販,109
対決,108
答弁,108
転じる,108
相殺,108
秘め,108
重油,108
模擬,108
講堂,108
年次,108
開封,107
晩餐,107
安値,107
手引き,107
勃発,107
大綱,107
背丈,107
温和,107
水利,107
隠棲,107
入れ墨,106
充足,106
眉間,106
家中,106
様態,106
退去,106
鋭敏,106
破棄,106
関門,106
三日月,106
編曲,106
入水,106
キツツキ,106
究明,105
浴びせる,105
迷路,105
嫌悪,105
染みる,105
がらみ,105
鋭利,105
踏切,105
範疇,105
内緒,104
迂回,104
離散,104
乾かす,104
肥沃,104
一新,104
クルミ,104
砂浜,104
改定,103
秀才,103
擬音,103
飛翔,103
清盛,103
怠慢,102
恨む,102
偶像,102
真夏,102
肉親,102
淡泊,102
付け加え,102
飽く,102
簡便,102
交雑,102
敏捷,102
ふらふら,101
凶悪,101
手相,101
そそる,101
不履行,101
膨れ,101
切迫,101
探索,101
虚構,101
幽閉,101
ぐっと,100
身内,100
硬直,100
制止,100
おむつ,100
彫像,100
徘徊,100
扇子,99
案外,99
延滞,99
つま先,99
装填,99
ごっこ,99
頭蓋骨,99
歪み,98
学区,98
常備,98
悪霊,98
平素,98
飛躍,97
そっけ,97
種族,97
崩御,97
係留,97
干物,97
多忙,97
奈落,97
快く,96
数式,96
叔母,96
炭水化物,96
残忍,96
従え,96
ぬかるみ,96
構図,95
存分,95
暫し,95
まばたき,95
謁見,95
外周,95
ほぐす,95
情欲,95
粗雑,95
冷酷,94
化す,94
奇怪,94
告訴,94
手当て,94
鎮め,94
精度,94
抑揚,94
狩人,94
表彰,94
へりくだる,93
徹する,93
予選,93
照準,93
登校,93
宿舎,93
猟犬,92
不調,92
檻,92
そそのかす,92
上納,92
安堵,92
凪,92
地誌,92
主眼,91
憎しみ,91
摩耗,91
抜群,91
凝縮,91
露見,91
当分,91
講じる,91
小銭,91
またぐ,91
母胎,91
機敏,90
感激,90
造成,90
板張り,90
きたす,90
領収,90
元手,90
王妃,89
縮図,89
印鑑,89
選考,89
綿密,89
前置き,89
片端,89
希薄,89
誇示,89
威嚇,88
連日,88
鍛錬,88
捺印,88
不祥事,88
特典,88
逆行,88
押し出し,88
瞬時,88
傲慢,88
一掃,88
火傷,87
帰還,87
告発,87
尊厳,87
兆候,87
思索,87
傑出,87
かれこれ,86
帳場,86
閉ざさ,86
手近,86
着衣,86
強要,86
字義,86
褒美,85
食中毒,85
偶発,85
勤続,85
累積,85
提げ,85
吹奏楽,85
かがめる,85
才覚,85
あからさま,85
鼻孔,85
みっともない,84
眠気,84
礎,84
魔物,84
ねだる,84
おっくう,84
冬眠,84
枷,84
草むら,84
濫用,84
密通,84
研ぐ,83
昇格,83
断食,83
牽制,83
布袋,83
いっとき,83
快感,83
禁欲,83
透け,83
雲間,83
太古,83
夜空,82
在学,82
余人,82
どもり,82
気前,82
木偶,82
荷造り,82
むごたらしい,82
緊密,82
南半球,82
出方,82
分際,81
咀嚼,81
徴候,81
殺到,81
手口,81
実り,81
援護,80
寛容,80
客間,80
起立,80
悪寒,80
改修,80
補修,80
家電,80
意表,80
給食,80
もやし,80
兆し,80
ともあれ,79
申し分,79
断念,79
互角,79
原色,79
したたる,79
保留,78
熱烈,78
病没,78
商事,78
執事,78
賃貸借,78
御名,78
乗降,77
乗り出す,77
ちらちら,77
興亡,77
切に,77
老朽,77
帰結,77
駆ら,77
際立っ,77
不器用,76
恋しい,76
回廊,76
爽快,76
案ずる,76
所用,76
脳裏,76
持病,76
再発,76
挫折,76
宿所,76
幻影,76
波紋,76
元祖,76
加味,76
くよくよ,75
閉ざす,75
自重,75
整然,75
あわただしく,75
権益,75
膠着,75
雷雨,75
新米,74
無邪気,74
料亭,74
ぎっしり,74
引き分け,74
当てはまる,74
隣人,74
かがむ,74
稼働,74
物腰,74
重し,74
照会,74
先立つ,74
恩師,74
撤去,74
掌中,74
ないがしろ,74
感慨,74
序曲,74
補欠,74
老練,74
降雪,73
形跡,73
嘆息,73
没頭,73
念頭,73
いきさつ,73
麻疹,73
着実,73
釉薬,73
享受,73
交合,73
厳粛,73
試練,72
焼却,72
家出,72
別離,72
すぐさま,72
ずたずた,72
市政,72
秘訣,72
双曲線,72
共謀,72
卵子,72
オウム,72
幾多,72
駱駝,71
詭弁,71
縄張り,71
定款,71
重圧,71
鑢,71
隠匿,71
間近,71
きらめく,71
通帳,71
山の手,71
屈辱,70
神妙,70
波風,70
目頭,70
険悪,70
うつむく,70
娼婦,70
閉ざし,70
格段,70
裏打ち,70
まんまと,69
給う,69
上限,69
挑発,69
参列,69
えぐる,69
拝謁,69
給油,69
宦官,69
介在,68
還付,68
利権,68
しかめ,68
画期的,68
実感,68
面持ち,68
好か,68
ずんぐり,68
喚起,68
見晴らし,68
つややか,67
栄光,67
へま,67
ふりかけ,67
ひとしきり,67
塹壕,67
風変わり,67
鼻息,67
周遊,67
算段,67
性急,67
枠組み,67
被せ,67
棍棒,67
苦行,66
不穏,66
落札,66
不揃い,66
偉人,66
宣誓,66
遵守,66
太極,66
冒す,65
流れ込む,64
専業,64
撃退,64
にこやか,64
入所,64
残暑,64
手下,64
悩まさ,64
句読点,64
希有,64
無頼,64
おしなべて,64
腰痛,64
追撃,63
住人,63
明るみ,63
当惑,63
苦楽,63
うわつい,63
償う,63
逆さま,63
房総,63
気運,63
部外,63
広間,63
可憐,63
すらり,63
痛烈,63
了承,62
失態,62
だらり,62
格言,62
陶酔,62
浅黄,62
祝祭,62
口承,62
奥行き,62
空き地,62
混沌,61
拘留,61
恒久,61
萌芽,61
鉢植え,61
如才,61
粗暴,61
落差,61
親権,61
重苦しい,61
失踪,61
全盛期,61
乗り越える,60
弱まる,60
辞表,60
危惧,60
格納,60
為政者,60
かっと,60
薄弱,60
すれすれ,60
恐喝,59
進呈,59
道程,59
どっしり,59
内職,59
脅威,59
毀損,59
反感,59
刻限,59
門扉,59
保育園,59
剥ぐ,59
淡く,59
揉む,58
閉会,58
搬送,58
就寝,58
暗黙,58
拓本,58
散らばる,58
長袖,58
周到,58
ロバ,58
疎通,58
互恵,58
苛酷,58
見過ごす,57
気取る,57
段取り,57
面識,57
再起,57
辛辣,57
会計士,57
節制,57
同好,57
眼下,57
新調,57
深まる,57
網羅,57
はしか,57
蔑視,57
自明,57
誇大,57
荒涼,57
創意,56
誹謗,56
直訳,56
恍惚,56
豪快,56
憂さ,56
栄達,56
うつぶせ,56
一任,56
凶暴,56
温厚,56
天寿,56
逓信,55
切実,55
執拗,55
服役,55
抜かす,55
知己,55
瞬く,55
形而上,55
むきだし,55
示唆,55
裏付け,55
引きずる,54
失敬,54
ぶらさがる,54
哀願,54
粗忽,54
開演,54
すぼめ,54
良識,54
忠誠,54
水泡,54
白昼,54
陳腐,53
日雇い,53
確固,53
ためらい,53
断然,53
留意,53
着古し,53
改行,53
有事,53
穏健,53
薄皮,53
壇上,53
広汎,53
惨事,53
驚嘆,53
疎外,53
切れ端,53
警視庁,52
あざける,52
満載,52
下心,52
所以,52
強いる,52
微動,52
騎手,52
通算,52
天然痘,52
痛切,52
燻製,52
漏洩,52
梱包,52
漠然,51
啓発,51
変貌,51
折半,51
せがむ,51
切り替える,51
ちらつく,51
温床,51
蒼白,51
とげとげしい,51
過疎,51
妻帯,51
懇意,51
教祖,51
精緻,51
老舗,51
入念,51
擬態,50
同郷,50
土壇場,50
半熟,50
火種,50
描画,50
直訴,50
抵触,50
疲弊,50
準決勝,50
ホタル,50
あやふや,49
憶測,49
代役,49
痛覚,49
看守,49
迷走,49
おだてる,49
道楽者,49
悠々,49
不憫,49
つぐむ,49
ごろつき,49
あえぐ,49
引ける,49
逗留,49
審美,49
哀悼,49
ふわふわ,48
顛末,48
かすめる,48
傍聴,48
解す,48
まっしぐら,48
却下,48
断固,48
厳守,48
むせる,48
イナゴ,48
一滴,48
類比,48
生い立ち,48
壮麗,48
原初,48
往年,47
重鎮,47
仕向ける,47
集る,47
たかる,47
風貌,47
青二才,47
教示,47
飛び交う,47
猛禽,47
三菱,47
刻印,47
腿,47
抱擁,47
息女,46
旅団,46
自制,46
絢爛,46
脅かす,46
側壁,46
躍る,46
自暴自棄,46
自助,46
非礼,46
筆力,46
くすぶる,46
比類,46
希求,46
雨脚,46
呆然,45
たぶらかす,45
哀,45
上記,45
美徳,45
汚物,45
忘却,45
恐れ入る,45
傍若無人,45
翻す,45
深淵,45
往々,45
絶やす,45
そそっかしい,45
邂逅,45
粉雪,45
絶する,45
密林,45
利殖,45
激烈,44
案じる,44
連係,44
廃墟,44
おいおい,44
劣悪,44
厚かましい,44
別途,44
遠のく,44
穿つ,44
蹂躙,44
吝嗇,44
間断,44
小脇,44
論旨,44
コンビ,44
一笑,44
溜まる,43
凸凹,43
窮状,43
配管,43
提言,43
混在,43
低迷,43
潤い,43
同窓会,43
難病,43
風評,43
尻目,43
自給自足,42
もどかしい,42
下請,42
無類,42
団欒,42
内金,42
余念,42
対座,42
依然,42
生え際,42
熟考,42
追突,42
丹念,42
通念,42
道連れ,42
不面目,42
雑木林,42
皆無,42
前代未聞,42
馳せる,41
豆乳,41
即刻,41
近況,41
インチキ,41
薄れる,41
ふくよか,41
気遣い,41
抜本,41
華奢,41
放映,41
そばかす,41
奏でる,41
素振り,41
矢先,41
札束,41
枯渇,41
難点,41
身投げ,41
最寄り,41
こめかみ,41
煩雑,41
踏襲,41
品定め,41
克明,41
頑迷,41
破格,41
骨子,41
付箋,41
穏当,41
紡ぎ,41
指折り,41
せっせと,41
伴侶,41
続々,40
早急,40
筋違い,40
括る,40
危篤,40
集結,40
唐突,40
恨めし,40
鼻歌,40
双眼鏡,40
空前,40
置き去り,40
御曹司,40
拝聴,40
なすりつける,40
いくぶん,40
窓際,40
錯乱,40
教典,40
養女,40
老母,40
一夫多妻,40
小径,40
先見,40
野望,39
しょんぼり,39
続出,39
売店,39
止す,39
詮索,39
理想郷,39
秘める,39
脆弱,39
強欲,39
自責,39
笑む,39
うつむい,39
おおっぴら,39
下記,39
単価,39
表沙汰,39
狭量,39
神童,39
自活,39
耳たぶ,39
予行,39
政情,39
無粋,38
顕微,38
定石,38
契る,38
うずめ,38
忘年会,38
掲揚,38
初潮,38
街角,38
殺戮,38
軍曹,38
消印,38
湧い,37
長らく,37
けしかける,37
甚大,37
凍傷,37
わびしく,37
居心地,37
関知,37
穏便,37
受講,37
善し悪し,37
見境,37
打撲,37
静まり,37
相乗り,37
賦与,37
挿話,37
細心,37
豪遊,36
炎上,36
寄り道,36
卑猥,36
こける,36
似通っ,36
姻戚,36
瑕疵,36
陰口,36
吐露,36
澱,36
濃密,36
おびただしい,36
屈託,36
うだる,36
出社,35
弔問,35
見下す,35
立ち往生,35
真っ向,35
停留所,35
割い,35
待合室,35
冗長,35
眠れる,35
譜面,35
並大抵,35
早晩,35
酸い,35
焚火,35
双肩,35
配膳,35
騒擾,35
旱魃,35
案の定,34
初老,34
燃費,34
嘆かわしい,34
暴言,34
横たわっ,34
怨恨,34
夜分,34
じきじき,34
痛痒,34
能弁,34
内装,34
偏執,34
きりっと,34
木蓮,34
脚光,34
悲痛,34
拠り所,34
壮観,34
ついぞ,34
疎い,33
激怒,33
彩る,33
タケノコ,33
ときめく,33
寄り添う,33
漆黒,33
抽斗,33
手旗,33
空挺,33
鳶色,33
感服,33
放課後,33
満開,33
衝き,33
憂き目,33
垂涎,33
負かし,33
ピンポン,32
はぐれる,32
待望,32
雨漏り,32
国勢調査,32
座長,32
談笑,32
頑強,32
下限,32
無作為,32
教え子,32
ねぎらい,32
至福,32
義兄,32
気丈,32
更迭,32
そぐわない,32
思わしくない,32
下働き,32
ほっぺた,31
惣菜,31
損ねる,31
質感,31
序盤,31
玉砕,31
高らか,31
無休,31
ぶら下がる,31
腕白,31
鬱憤,31
手土産,31
異彩,31
研い,31
真水,31
憧憬,31
稚拙,31
配備,31
無二,31
白濁,31
一休み,31
土足,31
鉄拳,31
満ち潮,31
こぢんまり,31
体臭,31
果てしない,30
破局,30
童顔,30
ずっしり,30
悼む,30
物色,30
あくどい,30
全貌,30
義母,30
うずたかく,30
もどかし,30
肋膜炎,30
請け合う,30
克つ,30
怖じ,30
苛烈,30
つつましい,30
轟音,30
したたり,30
無性に,30
禍根,30
授賞,30
甲高い,30
好戦,30
穴居,30
散発,30
抉る,29
いやに,29
即効,29
人一倍,29
鼾,29
闘技,29
思いのほか,29
私物,29
引っかかる,29
室温,29
泥沼,29
先鋭,29
太刀打ち,29
長け,29
極寒,29
黒曜石,29
横死,29
教務,28
舎弟,28
激変,28
熾烈,28
多め,28
はにかむ,28
とめどなく,28
羨望,28
震わせ,28
度重なる,28
仕送り,28
湯船,28
ばかし,28
ひやりと,28
素面,28
がつがつ,28
按配,28
裂傷,28
一筋縄,28
含意,28
流動的,28
熟れ,28
天下り,28
どんより,28
超絶,27
屈強,27
すかさず,27
守銭奴,27
怪しむ,27
題する,27
生臭い,27
臨月,27
なつか,27
自業自得,27
糾合,27
倍音,27
休まる,27
頬杖,27
くしゃくしゃ,27
鷹揚,27
適量,27
暗唱,27
鬱蒼,27
存外,26
とぼける,26
左利き,26
射止める,26
都度,26
潔い,26
陳謝,26
不評,26
闊歩,26
冷や汗,26
裏腹,26
ふさがら,26
いまいち,26
呼び鈴,26
あてがっ,26
自慰,26
誰彼,26
網戸,26
革靴,26
野放し,26
古巣,26
強靭,26
路頭,26
非対称,26
割り勘,26
でっちあげる,26
産道,26
大挙,26
差し支える,25
手合い,25
憤懣,25
疑心暗鬼,25
落ち度,25
身震い,25
淫乱,25
先約,25
修羅場,25
うんぬん,25
勧奨,25
熟知,25
停める,25
木枯らし,25
すげなく,25
鉢植,25
後戻り,25
ざわめき,25
殉職,25
苦闘,25
剥げる,24
ぶれる,24
公序良俗,24
がさつ,24
切らし,24
困り果てる,24
ぎこち,24
いやしくも,24
まだしも,24
ろくすっぽ,24
本腰,24
ちっぽけ,24
切れ切れ,24
矮性,24
屠殺,24
たわわ,24
滑らす,23
何気なく,23
ままごと,23
露呈,23
捻出,23
うなされる,23
どっかり,23
現況,23
下っ端,23
日当,23
沈痛,23
二の句,23
未来永劫,23
めまぐるしく,23
異存,23
盲点,23
あげつらう,23
ほどなく,23
逐一,23
怨念,23
翻る,23
遮音,23
理詰め,23
偏狭,23
忘我,23
もとる,23
立法府,23
特技,22
とっとと,22
華氏,22
渇望,22
安らぐ,22
手抜き,22
頑として,22
すれ違う,22
二塁手,22
ふんだんに,22
陰鬱,22
廉直,22
錬磨,22
びりびり,22
確固たる,22
見込む,21
のこのこ,21
種馬,21
羽振り,21
判子,21
燃え尽きる,21
露天風呂,21
変哲,21
紅潮,21
罵声,21
でまかせ,21
いぶかし,21
もどかしく,21
ぽっかり,21
とんちんかん,21
取捨選択,21
野良犬,21
猟銃,21
波打ち際,21
小馬鹿,21
深化,21
まじまじ,21
棚上げ,21
看過,21
仰々しい,21
けったい,21
筋書き,21
手分け,20
すんなり,20
塗れる,20
押し切る,20
厚かましく,20
よぎる,20
けろりと,20
園長,20
路肩,20
図体,20
肩幅,20
気さく,20
束の間,20
口利き,20
遠縁,20
片っ端,20
奥多摩,20
振り向く,19
人見知り,19
おさらば,19
応戦,19
自認,19
隠然たる,19
備考,19
しどろもどろ,19
ぎれい,19
屯所,19
ぶるぶる,19
無理強い,19
見え透い,19
一昔,19
関する,19
こまめ,19
叔父さん,19
不眠症,19
諭す,19
潤沢,19
雨粒,19
俊足,19
走破,19
震わせる,18
喚く,18
末路,18
ときめき,18
潤う,18
しゃぶり,18
破談,18
完敗,18
毛頭,18
湿っぽい,18
他界,18
間髪,18
冷徹,18
おもむろに,18
殴打,18
手ほどき,18
目論見,18
一夫一婦,18
優に,18
びくびく,17
来店,17
筋書,17
毟る,17
混戦,17
激震,17
麦茶,17
不細工,17
見慣れる,17
媚びる,17
ほじる,17
一瞥,17
土下座,17
免じる,17
手立て,17
遠路,17
共食い,17
布陣,17
端整,17
肩口,17
相づち,17
貶す,17
縦横無尽,17
根深い,17
満場一致,17
慈しむ,17
華々しい,17
ヒヒ,17
ひれ伏す,17
ハゲワシ,17
お節介,16
揺さぶる,16
ぼやぼや,16
いたたまれない,16
小生,16
諭し,16
荒唐無稽,16
窪む,16
釈然,16
弄ぶ,16
鉄格子,16
怒声,16
選り好み,16
身じろぎ,16
括っ,16
薫陶,16
人脈,16
明くる日,16
辟易,16
奇策,16
掬う,16
固唾,16
雪だるま,16
せめぎ,16
尻込み,16
たらふく,16
他愛,16
凍える,15
撤収,15
満更,15
散らかる,15
潜水艦,15
教具,15
裏付ける,15
断交,15
悠々自適,15
怒号,15
似通う,15
座右の銘,15
羞恥心,15
草臥れる,15
除算,15
破天荒,15
惹く,15
昂揚,15
配剤,15
生保,15
妙齢,15
カジキ,15
拍子抜け,15
窮境,15
一蓮托生,15
凡退,15
鼻持ち,15
競い合っ,15
一触即発,15
隠れ蓑,15
異分子,15
唆す,14
手筈,14
至近,14
ぼちぼち,14
復縁,14
恨めしい,14
荒む,14
秒読み,14
しゃがれ,14
苦渋,14
喧噪,14
もみくちゃ,14
駆り,14
奇声,14
合気道,14
抜け殻,14
珍談,14
脂っこい,14
内奥,14
焚き火,13
無防備,13
過る,13
突拍子,13
うなだれ,13
重たい,13
目線,13
与信,13
謗る,13
もぞもぞ,13
なるたけ,13
雲泥の差,13
面長,13
まかなえる,13
空疎,13
唖然,13
生ぬるい,13
闖入,13
あさましい,13
のっぺり,13
ぴいぴい,13
嘲り,13
累々,13
ぴんぴん,12
独りぼっち,12
よりによって,12
冷やかす,12
群れる,12
見惚れる,12
せこい,12
退室,12
和む,12
暴挙,12
ばっさり,12
ぼそぼそ,12
ぱくる,12
吐息,12
あたふた,12
香ばしい,12
さいなま,12
快諾,12
尖兵,12
ほうれん草,12
薄らい,12
行きずり,12
甲高,12
沸か,12
転ける,11
呼び捨て,11
しゃぶしゃぶ,11
謙る,11
拗れる,11
即する,11
ずらかる,11
動じる,11
瀕する,11
手頃,11
しんどい,11
こわばら,11
疚しい,11
紛う,11
ほざき,11
図々しい,11
一面識,11
同窓生,11
すがりつい,11
せわしなく,11
重機,11
昼下がり,11
けんもほろろ,11
暗譜,11
おっかない,11
底意地,11
根差し,11
荒涼たる,11
気遣っ,11
食あたり,10
予て,10
ガラ,10
突き飛ばす,10
敷き詰める,10
影武者,10
自問自答,10
こぞる,10
荒らげる,10
得する,10
いやおうなしに,10
疎む,10
かいがいしく,10
青天の霹靂,10
貶む,10
長らえ,10
踏ん張る,10
土嚢,10
鵜呑み,10
六本木,10
面食い,10
様変わり,10
目配せ,10
先述,10
抜歯,10
我が物顔,10
擽る,9
寝付く,9
萎む,9
炙る,9
当てはめる,9
くたばる,9
可愛がる,9
昏倒,9
俄然,9
遠のい,9
貼ら,9
そぐう,9
惹,9
ムール貝,9
こざっぱり,9
うたた寝,9
混じりけ,9
雲隠れ,9
ないものねだり,9
口下手,8
相次ぎ,8
凝り性,8
慎ましい,8
焦れる,8
患っ,8
山懐,8
後ろめた,8
潮目,8
真っ昼間,8
南京虫,8
前屈み,8
恭しく,8
細切れ,8
喪章,8
けたたましく,8
嘲る,8
温もり,7
遮二無二,7
言い放っ,7
詮無い,7
差そ,7
翳り,7
毛嫌い,7
千辛万苦,7
ほころん,7
群像,7
仄か,7
胡散臭い,7
早とちり,6
お菜,6
容易い,6
償わ,6
荒らげ,6
見切る,6
飛び交っ,6
刷り込ま,6
匿う,6
浮つく,6
つるん,6
脅かさ,6
見据え,6
驚喜,6
だまくらかす,6
お仕着せ,6
そんじょそこら,6
生贄,6
人混み,5
薄まる,5
甲高く,5
自惚れる,5
平伏し,5
魘される,5
日賦,5
疑る,5
目論む,5
酌み交わし,5
括ら,5
汗ばん,5
たじろい,5
軍手,5
揺さぶり,5
におわせる,5
ふらっと,5
温もる,4
切っ掛け,4
一先ず,4
嘸かし,4
厳つい,4
身嗜み,4
挙る,4
誘き,4
とろんと,4
わななか,4
にせよ,4
お洒落,4
疑り,4
今一,3
府警,3
ピタリ,3
こともなげに,3
悪びれる,3
まかなっ,3
徒刑囚,3
ずらから,2
危惧し,2
わかせる,2
一陣,2
煩わせる,2
こわば,2
魚介類,2
醸し,2
浴し,2
凍てつく,2
轟い,1
被験,1
寝そべり,1
踏み倒さ,1
名残惜し,1
恨めしかっ,1
見透かし,1
たかれる,1
手懐け,1
二世,1
驚駭,0
理想を抱いてタカシマに入ってはみたが、そのあり方に飽き足らず、,0
頭が切れて、弁も立ち、判断力に優れている。,0
深田は財産の共有制を退けた。,0
時が経過するにつれ、中間的な存在が受け入れられる余地はどんどん狭くなっていった。,0
しかし、かといってそれを全否定することもできなかった。,0
打者）,0
模した,0
理由がどうであれいささか品位に欠ける。,0
言付けられ,0
老婦人はその店の古くからの客らしく、奥の上席に通され、顔見知りらしい初老のウェイターに丁寧な給仕を受けた。,0
ちっともかまいません。その,0
そのことは何の影響も及ぼしません。,0
週に二回、青豆は老婦人の屋敷に行って、そこでマーシャル・アーツを彼女に指導した。,0
老婦人はその店の古くからの客らしく、奥の上席に通され、顔見知りらしい初老のウェイターに丁寧な給仕を受け,0
堂に,0
尾を引かない,0
はだかった,0
色褪せた,0
干から,0
天井は人を面白がらせるためにそこについているわけではない。,0
乗っけて,0
観葉植物,0
研ぎす,0
太腿,0
歪めながら,0
挺子,0
練った,0
躊躇なく、冷静に的確に、王国をその男の頭上に到来させた。,0
清められ,0
希求、,0
貶した,0
なりとも,0
節も見,0
整合性,0
薄れ、,0
めりこんで,0
着々と,0
じんわり,0
分かち合,0
ふくらはぎ,0
秘められている,0
艶やか,0
おさがり,0
妙め物,0
タッカン,0
放課後、,0
秘められている。,0
前夜、,0
「めくら,0
潤した。,0
刻々と,0
逸して,0
つっかえながら、,0
歪んだ,0
離婚訴訟の手間が省けて、保険金がすぐに入るからというような実際的な理由だけで、人の,0
岩壁,0
分かち合い,0
分かち合い、,0
鍵を開けて,0
なついている,0
かりそめ,0
くすんで,0
「端数,0
はぐら,0
あしらって,0
刷っている,0
解せない,0
次の角を曲がったところに何が待ち受けているか、曲がってみなくてはわからん。,0
「そう、無責任に聞こえるかもしれないが、見当もつかないというところが、まさにこ,0
暴かれる,0
着々と地歩,0
唯物論,0
こまねいている,0
敗れた,0
見え透いた,0
仕舞い込まれてしまったようだっ,0
よそに,0
日ごと,0
はりぼて,0
秘められ,0
あぐねている,0
一駅,0
自由が丘,0
横たえて,0
頑な,0
おおもと,0
ダブ,0
発祥地,0
鉢植え。,0
魚介類、,0
羽織り、,0
和んで,0
邂逅」,0
塞いで,0
「ぼろ,0
筆力、,0
希だ,0
「教祖,0
らないし、傷口が常に血を流すとは限らない,0
一時は毎日のように新聞にその名前が載りましたから」,0
「とりわけ,0
甲高い排気,0
ひとつのアイデアが別のアイデアに自然に結びついていった。,0
揺さぶった。,0
合戦」,0
会性を狙ったただの売名,0
絶する難行,0
脂身、,0
重苦しい悪臭,0
むくんでいる,0
じみた,0
小舟、,0
下等動物,0
石器。,0
永続的,0
定住。,0
綴っていく。,0
多種多様,0
誰であれ知る由もなかった。,0
一頭,0
氷河時代,0
強いる。,0
霊長類,0
捕食者,0
長けてい,0
漁る。,0
ありつく。,0
食物連鎖,0
華々しい跳躍,0
忌み嫌い、,0
容れられ,0
旧約聖書,0
弓矢、,0
交易、,0
ありか,0
噂話,0
元祖第四階級、,0
たかり屋,0
守護霊,0
抱擁）,0
鋸、,0
精を出す,0
せしめた。,0
彫刻家,0
サピエンスはこのように、認知革命以降ずっと二重の現実の中に暮らしてきた。,0
専制君主,0
小なり・大なり,0
甲乙丙丁,0
げな,0
洗面所,0
角張,0
患っている,0
対人関係,0
黒曜石鉱床,0
事象〕,0
砦」,0
画している。,0
喧喋,0
幕引きとしての意味しか見いだせない。,0
相容れない、,0
呈した。「,0
前戯,0
たらしめた,0
信濃町,0
泊めた,0
「一蓮托生」,0
粉状,0
墓石、,0
理に適っている。,0
喪に,0
娼婦。,0
めげて、,0
「大河,0
ことのほか,0
同時に、犬たちも人間を操って自分の必要を満たす術を学んだ。,0
琥珀、,0
琥珀、顔料,0
負荷、,0
草陰,0
牧夫、,0
摘み、,0
安楽死,0
空中楼閣,0
孕ん,0
楽聖、,0
多雨林,0
齧歯類、,0
爬虫類、,0
ふきこむ。,0
